{"cameraMode":{"drawMode":0,"name":"Shaded","section":"Shading Mode"},"sceneLighting":true,"audioPlay":false,"sceneViewState":{"m_AlwaysRefresh":false,"showFog":true,"showSkybox":true,"showFlares":true,"showImageEffects":true,"showParticleSystems":true,"showVisualEffectGraphs":true,"m_FxEnabled":true},"in2DMode":false,"pivot":{"x":224.6779327392578,"y":98.09674072265625,"z":-33.67852020263672},"rotation":{"x":-0.007430164609104395,"y":-0.13607248663902284,"z":-0.0010205594589933754,"w":0.990669310092926},"size":121.72577667236328,"orthographic":true}