{"cameraMode":{"drawMode":0,"name":"Shaded","section":"Shading Mode"},"sceneLighting":true,"audioPlay":false,"sceneViewState":{"m_AlwaysRefresh":false,"showFog":true,"showSkybox":true,"showFlares":true,"showImageEffects":true,"showParticleSystems":true,"showVisualEffectGraphs":true,"m_FxEnabled":true},"in2DMode":false,"pivot":{"x":521.3154907226563,"y":526.2928466796875,"z":-35.451202392578128},"rotation":{"x":-0.007430164609104395,"y":-0.13607248663902284,"z":-0.0010205594589933754,"w":0.990669310092926},"size":257.9984130859375,"orthographic":true}