{"cameraMode":{"drawMode":0,"name":"Shaded","section":"Shading Mode"},"sceneLighting":true,"audioPlay":false,"sceneViewState":{"m_AlwaysRefresh":false,"showFog":true,"showSkybox":true,"showFlares":true,"showImageEffects":true,"showParticleSystems":true,"showVisualEffectGraphs":true,"m_FxEnabled":true},"in2DMode":false,"pivot":{"x":433.7497253417969,"y":135.36184692382813,"z":-9.363780975341797},"rotation":{"x":-0.02097426727414131,"y":-0.047971002757549289,"z":-0.0010075391037389637,"w":0.9986279010772705},"size":203.949462890625,"orthographic":true}