{"cameraMode":{"drawMode":0,"name":"Shaded","section":"Shading Mode"},"sceneLighting":true,"audioPlay":false,"sceneViewState":{"m_AlwaysRefresh":false,"showFog":true,"showSkybox":true,"showFlares":true,"showImageEffects":true,"showParticleSystems":true,"showVisualEffectGraphs":true,"m_FxEnabled":true},"in2DMode":false,"pivot":{"x":499.0064697265625,"y":216.1959991455078,"z":-6.49268913269043},"rotation":{"x":-0.02097426727414131,"y":-0.047971002757549289,"z":-0.0010075391037389637,"w":0.9986279010772705},"size":251.83575439453126,"orthographic":true}