{"cameraMode":{"drawMode":0,"name":"Shaded","section":"Shading Mode"},"sceneLighting":true,"audioPlay":false,"sceneViewState":{"m_AlwaysRefresh":false,"showFog":true,"showSkybox":true,"showFlares":true,"showImageEffects":true,"showParticleSystems":true,"showVisualEffectGraphs":true,"m_FxEnabled":true},"in2DMode":false,"pivot":{"x":558.3877563476563,"y":460.74859619140627,"z":72.27020263671875},"rotation":{"x":-0.007430164609104395,"y":-0.13607248663902284,"z":-0.0010205594589933754,"w":0.990669310092926},"size":335.6084289550781,"orthographic":true}