{"cameraMode":{"drawMode":0,"name":"Shaded","section":"Shading Mode"},"sceneLighting":true,"audioPlay":false,"sceneViewState":{"m_AlwaysRefresh":false,"showFog":true,"showSkybox":true,"showFlares":true,"showImageEffects":true,"showParticleSystems":true,"showVisualEffectGraphs":true,"m_FxEnabled":true},"in2DMode":false,"pivot":{"x":200.52174377441407,"y":27.68878173828125,"z":-39.345726013183597},"rotation":{"x":-0.007430164609104395,"y":-0.13607248663902284,"z":-0.0010205594589933754,"w":0.990669310092926},"size":49.03214645385742,"orthographic":true}